{
  "sticker": {},
  "database": {},
  "game": {},
  "others": {},
  "users": {
    "62895324628665@s.whatsapp.net": {
      "vip": false,
      "badword": 0,
      "title": "",
      "serialNumber": "81fd7f268a7af64a46da58c8c046bc89",
      "nick": "+62 895-3246-28665",
      "premium": false,
      "totalLimit": 0,
      "limit": 30,
      "uang": 10000,
      "lastclaim": 1739116717952,
      "lastrampok": 1739116717952
    },
    "6282174337522@s.whatsapp.net": {
      "vip": false,
      "badword": 0,
      "title": "",
      "serialNumber": "14488b2f2752650ec9991978a40c2996",
      "nick": "x",
      "premium": false,
      "totalLimit": 0,
      "limit": 30,
      "uang": 10000,
      "lastclaim": 1739116753162,
      "lastrampok": 1739116753162
    },
    "120363299719848392@newsletter": {
      "vip": false,
      "badword": 0,
      "title": "",
      "serialNumber": "6164bc202eaf5f82b54de81ca4ffa0ef",
      "premium": false,
      "totalLimit": 0,
      "limit": 30,
      "uang": 10000,
      "lastclaim": 1739116801912,
      "lastrampok": 1739116801912
    },
    "6283142900282@s.whatsapp.net": {
      "vip": false,
      "badword": 0,
      "title": "",
      "serialNumber": "024a01534e28d24310cb8821ab6d38ee",
      "nick": "Saki",
      "premium": false,
      "totalLimit": 0,
      "limit": 30,
      "uang": 10000,
      "lastclaim": 1739122166557,
      "lastrampok": 1739122166557
    },
    "6281265873996@s.whatsapp.net": {
      "vip": false,
      "badword": 0,
      "title": "",
      "serialNumber": "fcf34572b837879918ed55418d2d4151",
      "nick": "Isdawati Irwansyah",
      "premium": false,
      "totalLimit": 0,
      "limit": 30,
      "uang": 10000,
      "lastclaim": 1739184772904,
      "lastrampok": 1739184772904
    },
    "6282213889985@s.whatsapp.net": {
      "vip": false,
      "badword": 0,
      "title": "",
      "serialNumber": "eaec5dee33ab2698e6e643a4b238ef6a",
      "nick": "Ummi Mahdiyyah Ihsani",
      "premium": false,
      "totalLimit": 0,
      "limit": 30,
      "uang": 10000,
      "lastclaim": 1739187489664,
      "lastrampok": 1739187489664
    },
    "6285215055658@s.whatsapp.net": {
      "vip": false,
      "badword": 0,
      "title": "",
      "serialNumber": "d7218befc00990eed0818d2be146c655",
      "nick": "Dewi sartika",
      "premium": false,
      "totalLimit": 0,
      "limit": 30,
      "uang": 10000,
      "lastclaim": 1739189444303,
      "lastrampok": 1739189444303
    },
    "6281397148837@s.whatsapp.net": {
      "vip": false,
      "badword": 0,
      "title": "",
      "serialNumber": "b2fa10237eb5a2300c7a3d02529e445b",
      "nick": "Tony Rizaldy",
      "premium": false,
      "totalLimit": 0,
      "limit": 30,
      "uang": 10000,
      "lastclaim": 1739189445183,
      "lastrampok": 1739189445183
    },
    "6281264304477@s.whatsapp.net": {
      "vip": false,
      "badword": 0,
      "title": "",
      "serialNumber": "781124ee6240f95ebe9d4f0d6a134cb8",
      "nick": "Juni Hardian",
      "premium": false,
      "totalLimit": 0,
      "limit": 30,
      "uang": 10000,
      "lastclaim": 1739189563899,
      "lastrampok": 1739189563899
    },
    "120363301905492723@newsletter": {
      "vip": false,
      "badword": 0,
      "title": "",
      "serialNumber": "71ce53ae1eb2e79fa0cf806baf12edf6",
      "premium": false,
      "totalLimit": 0,
      "limit": 30,
      "uang": 10000,
      "lastclaim": 1739196431140,
      "lastrampok": 1739196431140
    },
    "120363144038483540@newsletter": {
      "vip": false,
      "badword": 0,
      "title": "",
      "serialNumber": "70be6799104fd556cf96dfa6f8e81769",
      "premium": false,
      "totalLimit": 0,
      "limit": 100,
      "uang": 10000,
      "lastclaim": 1739207304727,
      "lastrampok": 1739207304727
    },
    "120363297993608494@newsletter": {
      "vip": false,
      "badword": 0,
      "title": "",
      "serialNumber": "f30425c17a7023b663e4b5b7bb312f17",
      "premium": false,
      "totalLimit": 0,
      "limit": 100,
      "uang": 10000,
      "lastclaim": 1739220741911,
      "lastrampok": 1739220741911
    },
    "6282275450828@s.whatsapp.net": {
      "vip": false,
      "badword": 0,
      "title": "",
      "serialNumber": "e899933a150faee57e60f881a25f549a",
      "nick": "Achmad Al Fardan",
      "premium": false,
      "totalLimit": 0,
      "limit": 100,
      "uang": 10000,
      "lastclaim": 1739228718052,
      "lastrampok": 1739228718052
    },
    "6281287213322@s.whatsapp.net": {
      "vip": false,
      "badword": 0,
      "title": "",
      "serialNumber": "a063f316f6114d83a9bc09962bb43574",
      "nick": "TAUFIK ARRAHMAN",
      "premium": false,
      "totalLimit": 0,
      "limit": 100,
      "uang": 10000,
      "lastclaim": 1739245823429,
      "lastrampok": 1739245823429
    },
    "120363291805106466@newsletter": {
      "vip": false,
      "badword": 0,
      "title": "",
      "serialNumber": "9c8dadbba91ab639d923d48b37d46c86",
      "premium": false,
      "totalLimit": 0,
      "limit": 100,
      "uang": 10000,
      "lastclaim": 1739246358714,
      "lastrampok": 1739246358714
    }
  },
  "chats": {
    "62895324628665@s.whatsapp.net": {
      "badword": false,
      "antiforeignnum": false,
      "antiviewonce": false,
      "antibot": false,
      "antispam": false,
      "antimedia": false,
      "antiimage": false,
      "antivideo": false,
      "antiaudio": false,
      "antisticker": false,
      "anticontact": false,
      "antilocation": false,
      "antidocument": false,
      "antilink": false,
      "antilinkgc": false,
      "mute": false
    },
    "6282174337522@s.whatsapp.net": {
      "badword": false,
      "antiforeignnum": false,
      "antiviewonce": false,
      "antibot": false,
      "antispam": false,
      "antimedia": false,
      "antiimage": false,
      "antivideo": false,
      "antiaudio": false,
      "antisticker": false,
      "anticontact": false,
      "antilocation": false,
      "antidocument": false,
      "antilink": false,
      "antilinkgc": false,
      "mute": false
    },
    "120363299719848392@newsletter": {
      "badword": false,
      "antiforeignnum": false,
      "antiviewonce": false,
      "antibot": false,
      "antispam": false,
      "antimedia": false,
      "antiimage": false,
      "antivideo": false,
      "antiaudio": false,
      "antisticker": false,
      "anticontact": false,
      "antilocation": false,
      "antidocument": false,
      "antilink": false,
      "antilinkgc": false,
      "mute": false
    },
    "6285813708397@s.whatsapp.net": {
      "badword": false,
      "antiforeignnum": false,
      "antiviewonce": false,
      "antibot": false,
      "antispam": false,
      "antimedia": false,
      "antiimage": false,
      "antivideo": false,
      "antiaudio": false,
      "antisticker": false,
      "anticontact": false,
      "antilocation": false,
      "antidocument": false,
      "antilink": false,
      "antilinkgc": false,
      "mute": false
    },
    "6283142900282@s.whatsapp.net": {
      "badword": false,
      "antiforeignnum": false,
      "antiviewonce": false,
      "antibot": false,
      "antispam": false,
      "antimedia": false,
      "antiimage": false,
      "antivideo": false,
      "antiaudio": false,
      "antisticker": false,
      "anticontact": false,
      "antilocation": false,
      "antidocument": false,
      "antilink": false,
      "antilinkgc": false,
      "mute": false
    },
    "120363379493165642@g.us": {
      "badword": false,
      "antiforeignnum": false,
      "antiviewonce": false,
      "antibot": false,
      "antispam": false,
      "antimedia": false,
      "antiimage": false,
      "antivideo": false,
      "antiaudio": false,
      "antisticker": false,
      "anticontact": false,
      "antilocation": false,
      "antidocument": false,
      "antilink": false,
      "antilinkgc": false,
      "mute": false
    },
    "6281265873996@s.whatsapp.net": {
      "badword": false,
      "antiforeignnum": false,
      "antiviewonce": false,
      "antibot": false,
      "antispam": false,
      "antimedia": false,
      "antiimage": false,
      "antivideo": false,
      "antiaudio": false,
      "antisticker": false,
      "anticontact": false,
      "antilocation": false,
      "antidocument": false,
      "antilink": false,
      "antilinkgc": false,
      "mute": false
    },
    "6282213889985@s.whatsapp.net": {
      "badword": false,
      "antiforeignnum": false,
      "antiviewonce": false,
      "antibot": false,
      "antispam": false,
      "antimedia": false,
      "antiimage": false,
      "antivideo": false,
      "antiaudio": false,
      "antisticker": false,
      "anticontact": false,
      "antilocation": false,
      "antidocument": false,
      "antilink": false,
      "antilinkgc": false,
      "mute": false
    },
    "6281360166681@s.whatsapp.net": {
      "badword": false,
      "antiforeignnum": false,
      "antiviewonce": false,
      "antibot": false,
      "antispam": false,
      "antimedia": false,
      "antiimage": false,
      "antivideo": false,
      "antiaudio": false,
      "antisticker": false,
      "anticontact": false,
      "antilocation": false,
      "antidocument": false,
      "antilink": false,
      "antilinkgc": false,
      "mute": false
    },
    "6285296648668@s.whatsapp.net": {
      "badword": false,
      "antiforeignnum": false,
      "antiviewonce": false,
      "antibot": false,
      "antispam": false,
      "antimedia": false,
      "antiimage": false,
      "antivideo": false,
      "antiaudio": false,
      "antisticker": false,
      "anticontact": false,
      "antilocation": false,
      "antidocument": false,
      "antilink": false,
      "antilinkgc": false,
      "mute": false
    },
    "6282174136998@s.whatsapp.net": {
      "badword": false,
      "antiforeignnum": false,
      "antiviewonce": false,
      "antibot": false,
      "antispam": false,
      "antimedia": false,
      "antiimage": false,
      "antivideo": false,
      "antiaudio": false,
      "antisticker": false,
      "anticontact": false,
      "antilocation": false,
      "antidocument": false,
      "antilink": false,
      "antilinkgc": false,
      "mute": false
    },
    "6281397763434@s.whatsapp.net": {
      "badword": false,
      "antiforeignnum": false,
      "antiviewonce": false,
      "antibot": false,
      "antispam": false,
      "antimedia": false,
      "antiimage": false,
      "antivideo": false,
      "antiaudio": false,
      "antisticker": false,
      "anticontact": false,
      "antilocation": false,
      "antidocument": false,
      "antilink": false,
      "antilinkgc": false,
      "mute": false
    },
    "6285362134578@s.whatsapp.net": {
      "badword": false,
      "antiforeignnum": false,
      "antiviewonce": false,
      "antibot": false,
      "antispam": false,
      "antimedia": false,
      "antiimage": false,
      "antivideo": false,
      "antiaudio": false,
      "antisticker": false,
      "anticontact": false,
      "antilocation": false,
      "antidocument": false,
      "antilink": false,
      "antilinkgc": false,
      "mute": false
    },
    "6281265999939@s.whatsapp.net": {
      "badword": false,
      "antiforeignnum": false,
      "antiviewonce": false,
      "antibot": false,
      "antispam": false,
      "antimedia": false,
      "antiimage": false,
      "antivideo": false,
      "antiaudio": false,
      "antisticker": false,
      "anticontact": false,
      "antilocation": false,
      "antidocument": false,
      "antilink": false,
      "antilinkgc": false,
      "mute": false
    },
    "6281397148837@s.whatsapp.net": {
      "badword": false,
      "antiforeignnum": false,
      "antiviewonce": false,
      "antibot": false,
      "antispam": false,
      "antimedia": false,
      "antiimage": false,
      "antivideo": false,
      "antiaudio": false,
      "antisticker": false,
      "anticontact": false,
      "antilocation": false,
      "antidocument": false,
      "antilink": false,
      "antilinkgc": false,
      "mute": false
    },
    "6281361201684@s.whatsapp.net": {
      "badword": false,
      "antiforeignnum": false,
      "antiviewonce": false,
      "antibot": false,
      "antispam": false,
      "antimedia": false,
      "antiimage": false,
      "antivideo": false,
      "antiaudio": false,
      "antisticker": false,
      "anticontact": false,
      "antilocation": false,
      "antidocument": false,
      "antilink": false,
      "antilinkgc": false,
      "mute": false
    },
    "6281262407768@s.whatsapp.net": {
      "badword": false,
      "antiforeignnum": false,
      "antiviewonce": false,
      "antibot": false,
      "antispam": false,
      "antimedia": false,
      "antiimage": false,
      "antivideo": false,
      "antiaudio": false,
      "antisticker": false,
      "anticontact": false,
      "antilocation": false,
      "antidocument": false,
      "antilink": false,
      "antilinkgc": false,
      "mute": false
    },
    "6285215055658@s.whatsapp.net": {
      "badword": false,
      "antiforeignnum": false,
      "antiviewonce": false,
      "antibot": false,
      "antispam": false,
      "antimedia": false,
      "antiimage": false,
      "antivideo": false,
      "antiaudio": false,
      "antisticker": false,
      "anticontact": false,
      "antilocation": false,
      "antidocument": false,
      "antilink": false,
      "antilinkgc": false,
      "mute": false
    },
    "6285362265353@s.whatsapp.net": {
      "badword": false,
      "antiforeignnum": false,
      "antiviewonce": false,
      "antibot": false,
      "antispam": false,
      "antimedia": false,
      "antiimage": false,
      "antivideo": false,
      "antiaudio": false,
      "antisticker": false,
      "anticontact": false,
      "antilocation": false,
      "antidocument": false,
      "antilink": false,
      "antilinkgc": false,
      "mute": false
    },
    "6282391215229@s.whatsapp.net": {
      "badword": false,
      "antiforeignnum": false,
      "antiviewonce": false,
      "antibot": false,
      "antispam": false,
      "antimedia": false,
      "antiimage": false,
      "antivideo": false,
      "antiaudio": false,
      "antisticker": false,
      "anticontact": false,
      "antilocation": false,
      "antidocument": false,
      "antilink": false,
      "antilinkgc": false,
      "mute": false
    },
    "6281397700273@s.whatsapp.net": {
      "badword": false,
      "antiforeignnum": false,
      "antiviewonce": false,
      "antibot": false,
      "antispam": false,
      "antimedia": false,
      "antiimage": false,
      "antivideo": false,
      "antiaudio": false,
      "antisticker": false,
      "anticontact": false,
      "antilocation": false,
      "antidocument": false,
      "antilink": false,
      "antilinkgc": false,
      "mute": false
    },
    "6282167114936@s.whatsapp.net": {
      "badword": false,
      "antiforeignnum": false,
      "antiviewonce": false,
      "antibot": false,
      "antispam": false,
      "antimedia": false,
      "antiimage": false,
      "antivideo": false,
      "antiaudio": false,
      "antisticker": false,
      "anticontact": false,
      "antilocation": false,
      "antidocument": false,
      "antilink": false,
      "antilinkgc": false,
      "mute": false
    },
    "6281362148426@s.whatsapp.net": {
      "badword": false,
      "antiforeignnum": false,
      "antiviewonce": false,
      "antibot": false,
      "antispam": false,
      "antimedia": false,
      "antiimage": false,
      "antivideo": false,
      "antiaudio": false,
      "antisticker": false,
      "anticontact": false,
      "antilocation": false,
      "antidocument": false,
      "antilink": false,
      "antilinkgc": false,
      "mute": false
    },
    "6282328406019@s.whatsapp.net": {
      "badword": false,
      "antiforeignnum": false,
      "antiviewonce": false,
      "antibot": false,
      "antispam": false,
      "antimedia": false,
      "antiimage": false,
      "antivideo": false,
      "antiaudio": false,
      "antisticker": false,
      "anticontact": false,
      "antilocation": false,
      "antidocument": false,
      "antilink": false,
      "antilinkgc": false,
      "mute": false
    },
    "6282365096262@s.whatsapp.net": {
      "badword": false,
      "antiforeignnum": false,
      "antiviewonce": false,
      "antibot": false,
      "antispam": false,
      "antimedia": false,
      "antiimage": false,
      "antivideo": false,
      "antiaudio": false,
      "antisticker": false,
      "anticontact": false,
      "antilocation": false,
      "antidocument": false,
      "antilink": false,
      "antilinkgc": false,
      "mute": false
    },
    "6281264304477@s.whatsapp.net": {
      "badword": false,
      "antiforeignnum": false,
      "antiviewonce": false,
      "antibot": false,
      "antispam": false,
      "antimedia": false,
      "antiimage": false,
      "antivideo": false,
      "antiaudio": false,
      "antisticker": false,
      "anticontact": false,
      "antilocation": false,
      "antidocument": false,
      "antilink": false,
      "antilinkgc": false,
      "mute": false
    },
    "6282181291241@s.whatsapp.net": {
      "badword": false,
      "antiforeignnum": false,
      "antiviewonce": false,
      "antibot": false,
      "antispam": false,
      "antimedia": false,
      "antiimage": false,
      "antivideo": false,
      "antiaudio": false,
      "antisticker": false,
      "anticontact": false,
      "antilocation": false,
      "antidocument": false,
      "antilink": false,
      "antilinkgc": false,
      "mute": false
    },
    "6281287213322@s.whatsapp.net": {
      "badword": false,
      "antiforeignnum": false,
      "antiviewonce": false,
      "antibot": false,
      "antispam": false,
      "antimedia": false,
      "antiimage": false,
      "antivideo": false,
      "antiaudio": false,
      "antisticker": false,
      "anticontact": false,
      "antilocation": false,
      "antidocument": false,
      "antilink": false,
      "antilinkgc": false,
      "mute": false
    },
    "6281260463148@s.whatsapp.net": {
      "badword": false,
      "antiforeignnum": false,
      "antiviewonce": false,
      "antibot": false,
      "antispam": false,
      "antimedia": false,
      "antiimage": false,
      "antivideo": false,
      "antiaudio": false,
      "antisticker": false,
      "anticontact": false,
      "antilocation": false,
      "antidocument": false,
      "antilink": false,
      "antilinkgc": false,
      "mute": false
    },
    "120363301905492723@newsletter": {
      "badword": false,
      "antiforeignnum": false,
      "antiviewonce": false,
      "antibot": false,
      "antispam": false,
      "antimedia": false,
      "antiimage": false,
      "antivideo": false,
      "antiaudio": false,
      "antisticker": false,
      "anticontact": false,
      "antilocation": false,
      "antidocument": false,
      "antilink": false,
      "antilinkgc": false,
      "mute": false
    },
    "120363144038483540@newsletter": {
      "badword": false,
      "antiforeignnum": false,
      "antiviewonce": false,
      "antibot": false,
      "antispam": false,
      "antimedia": false,
      "antiimage": false,
      "antivideo": false,
      "antiaudio": false,
      "antisticker": false,
      "anticontact": false,
      "antilocation": false,
      "antidocument": false,
      "antilink": false,
      "antilinkgc": false,
      "mute": false
    },
    "120363297993608494@newsletter": {
      "badword": false,
      "antiforeignnum": false,
      "antiviewonce": false,
      "antibot": false,
      "antispam": false,
      "antimedia": false,
      "antiimage": false,
      "antivideo": false,
      "antiaudio": false,
      "antisticker": false,
      "anticontact": false,
      "antilocation": false,
      "antidocument": false,
      "antilink": false,
      "antilinkgc": false,
      "mute": false
    },
    "6282275450828@s.whatsapp.net": {
      "badword": false,
      "antiforeignnum": false,
      "antiviewonce": false,
      "antibot": false,
      "antispam": false,
      "antimedia": false,
      "antiimage": false,
      "antivideo": false,
      "antiaudio": false,
      "antisticker": false,
      "anticontact": false,
      "antilocation": false,
      "antidocument": false,
      "antilink": false,
      "antilinkgc": false,
      "mute": false
    },
    "120363291805106466@newsletter": {
      "badword": false,
      "antiforeignnum": false,
      "antiviewonce": false,
      "antibot": false,
      "antispam": false,
      "antimedia": false,
      "antiimage": false,
      "antivideo": false,
      "antiaudio": false,
      "antisticker": false,
      "anticontact": false,
      "antilocation": false,
      "antidocument": false,
      "antilink": false,
      "antilinkgc": false,
      "mute": false
    }
  },
  "settings": {
    "62895324628665@s.whatsapp.net": {
      "totalhit": 0,
      "totalError": 0,
      "online": false,
      "safesearch": false,
      "autosticker": false,
      "autodownload": false,
      "autobio": false,
      "autoread": false,
      "autorecordtype": false,
      "autorecord": false,
      "autotype": false,
      "autoblocknum": false,
      "onlygc": false,
      "onlypc": false,
      "watermark": {
        "packname": "Creator",
        "author": "FallZx Infinity"
      },
      "about": {
        "bot": {
          "nick": "+62 895-3246-28665",
          "alias": "Yaemiko MD"
        },
        "owner": {
          "nick": "+62 858-1370-8397",
          "alias": "6285813708397"
        }
      }
    },
    "6282213889985@s.whatsapp.net": {
      "totalhit": 0,
      "totalError": 0,
      "online": false,
      "safesearch": false,
      "autosticker": false,
      "autodownload": false,
      "autobio": false,
      "autoread": false,
      "autorecordtype": false,
      "autorecord": false,
      "autotype": false,
      "autoblocknum": false,
      "onlygc": false,
      "onlypc": false,
      "watermark": {
        "packname": "Creator",
        "author": "kaaliera"
      },
      "about": {
        "bot": {
          "nick": "+62 822-1388-9985",
          "alias": "TEBAR-BOT"
        },
        "owner": {
          "nick": "+62 821-7433-7522",
          "alias": "6282174337522"
        }
      }
    }
  }
}